{"train/train_samples_per_second":3625.01,"eval/steps_per_second":15.375,"train/train_loss":1.9889516397371556,"train/global_step":20342,"eval/loss":1.5903074741363525,"train/epoch":79,"_wandb":{"runtime":7270},"train/train_runtime":7273.7459,"train/learning_rate":0.0003349681780736765,"_timestamp":1.7525766480643396e+09,"train/total_flos":2.257167753465037e+16,"eval/runtime":6.3089,"train/loss":1.5437,"_step":2112,"_runtime":7270,"train/train_steps_per_second":7.067,"eval/samples_per_second":3926.506}