position,category,unique_ids,total_interactions,repetition_rate
a,short,1,1,0.2285202992948122
a,medium,1,1,0.32758629426144914
a,long,1,1,0.43945637001263094
b,short,1,1,0.09582602359653425
b,medium,1,1,0.13150861506954625
b,long,1,1,0.19387070313479404
c,short,1,1,0.058117326720410034
c,medium,1,1,0.07608840845721598
c,long,1,1,0.11655484400355609
d,short,1,1,0.01591452195880183
d,medium,1,1,0.0325561866742613
d,long,1,1,0.0708006949635217
