category,num_users,total_items,conflicts,avg_sequence_length
short,20412.0,9900.0,13325.0,6.418332353517538
medium,3498.0,8864.0,7802.0,13.890222984562607
long,862.0,7271.0,3964.0,30.80510440835267
