{
    "test_prompt_ids": "0",
    "mean_results": {
        "hit@1": 0.06111739060229291,
        "hit@5": 0.08679153883416761,
        "hit@10": 0.10766187631196512,
        "ndcg@5": 0.0742104877655515,
        "ndcg@10": 0.08094287035024525
    },
    "min_results": {
        "hit@1": 0.06111739060229291,
        "hit@5": 0.08679153883416761,
        "hit@10": 0.10766187631196512,
        "ndcg@5": 0.0742104877655515,
        "ndcg@10": 0.08094287035024525
    },
    "max_results": {
        "hit@1": 0.06111739060229291,
        "hit@5": 0.08679153883416761,
        "hit@10": 0.10766187631196512,
        "ndcg@5": 0.0742104877655515,
        "ndcg@10": 0.08094287035024525
    },
    "all_prompt_results": [
        {
            "hit@1": 0.06111739060229291,
            "hit@5": 0.08679153883416761,
            "hit@10": 0.10766187631196512,
            "ndcg@5": 0.0742104877655515,
            "ndcg@10": 0.08094287035024525
        }
    ]
}